startup,68a6489b61e9cb14e292f6f9,api_started,2025-08-21T22:32:47Z
startup,68a6489b61e9cb14e292f6f9,api_started,2025-08-21T22:33:11Z
startup,68a6489b61e9cb14e292f6f9,api_started,2025-08-21T22:35:35Z
startup,68a6489b61e9cb14e292f6f9,api_started,2025-08-21T22:35:51Z
startup,68a6489b61e9cb14e292f6f9,api_started,2025-08-21T22:50:09Z
startup,68a6489b61e9cb14e292f6f9,api_started,2025-08-21T23:06:20Z
startup,68a6489b61e9cb14e292f6f9,api_started,2025-08-21T23:06:29Z
startup,68a6489b61e9cb14e292f6f9,api_started,2025-08-21T23:06:39Z
startup,68a6489b61e9cb14e292f6f9,api_started,2025-08-21T23:06:47Z
startup,68a6489b61e9cb14e292f6f9,api_started,2025-08-21T23:07:16Z
startup,68a6489b61e9cb14e292f6f9,api_started,2025-08-21T23:07:22Z
startup,68a6489b61e9cb14e292f6f9,api_started,2025-08-22T00:18:42Z
startup,68a6489b61e9cb14e292f6f9,api_started,2025-08-22T03:59:51Z
startup,68a6489b61e9cb14e292f6f9,api_started,2025-08-22T06:33:46Z
startup,68a6489b61e9cb14e292f6f9,api_started,2025-08-22T06:33:52Z
startup,68a6489b61e9cb14e292f6f9,api_started,2025-08-22T06:34:29Z
startup,68a6489b61e9cb14e292f6f9,api_started,2025-08-22T06:34:40Z
startup,68a6489b61e9cb14e292f6f9,api_started,2025-08-22T06:35:00Z
session_start,68a6489b61e9cb14e292f6f9,,2025-08-22T06:36:21Z
product_dropped,68a6489b61e9cb14e292f6f9,,2025-08-22T06:36:22Z
startup,68a6489b61e9cb14e292f6f9,api_started,2025-08-22T06:42:18Z
startup,68a6489b61e9cb14e292f6f9,api_started,2025-08-22T06:42:24Z
startup,68a6489b61e9cb14e292f6f9,api_started,2025-08-22T06:42:30Z
startup,68a6489b61e9cb14e292f6f9,api_started,2025-08-22T06:42:36Z
startup,68a6489b61e9cb14e292f6f9,api_started,2025-08-22T06:42:42Z
startup,68a6489b61e9cb14e292f6f9,api_started,2025-08-22T06:42:48Z
startup,68a6489b61e9cb14e292f6f9,api_started,2025-08-22T06:42:54Z
startup,68a6489b61e9cb14e292f6f9,api_started,2025-08-22T06:43:07Z
startup,68a6489b61e9cb14e292f6f9,api_started,2025-08-22T06:43:13Z
startup,68a6489b61e9cb14e292f6f9,api_started,2025-08-22T06:46:58Z
session_complete,68a6489b61e9cb14e292f6f9,,2025-08-22T06:47:09Z
product_dropped,68a6489b61e9cb14e292f6f9,,2025-08-22T06:47:11Z
cta_page_accessed,68a6489b61e9cb14e292f6f9,,2025-08-22T06:48:07Z
terms_page_accessed,68a6489b61e9cb14e292f6f9,,2025-08-22T06:48:09Z
form_page_accessed,68a6489b61e9cb14e292f6f9,,2025-08-22T06:48:12Z
claim_page_accessed,68a6489b61e9cb14e292f6f9,,2025-08-22T06:48:28Z
session_complete,68a6489b61e9cb14e292f6f9,,2025-08-22T06:48:28Z
serial_error,68a6489b61e9cb14e292f6f9,out_of_stock,2025-08-22T06:48:30Z
startup,68a6489b61e9cb14e292f6f9,api_started,2025-08-22T06:49:34Z
startup,68a6489b61e9cb14e292f6f9,api_started,2025-08-22T06:49:41Z
startup,68a6489b61e9cb14e292f6f9,api_started,2025-08-22T06:49:47Z
session_complete,68a6489b61e9cb14e292f6f9,,2025-08-22T06:55:00Z
product_dropped,68a6489b61e9cb14e292f6f9,,2025-08-22T06:55:02Z
claim_page_accessed,68a6489b61e9cb14e292f6f9,,2025-08-22T06:56:07Z
session_complete,68a6489b61e9cb14e292f6f9,,2025-08-22T06:56:08Z
serial_error,68a6489b61e9cb14e292f6f9,out_of_stock,2025-08-22T06:56:09Z
claim_page_accessed,68a6489b61e9cb14e292f6f9,,2025-08-22T06:57:13Z
session_complete,68a6489b61e9cb14e292f6f9,,2025-08-22T06:57:13Z
serial_error,68a6489b61e9cb14e292f6f9,out_of_stock,2025-08-22T06:57:15Z
